use photocontest;

INSERT INTO `users` (`user_id`, username, password, first_name, last_name, email, `scores`, `picture`)
VALUES (1, 'ibrahim', 1234, 'Ibrahim', 'Izirov', 'ibrahim.izirov@gmail.com', 0,
        'https://scontent.fsof8-1.fna.fbcdn.net/v/t31.18172-8/28946974_1432753746833483_4743095256154627020_o.jpg?_nc_cat=105&ccb=1-3&_nc_sid=8bfeb9&_nc_ohc=3dXsVcjAw9kAX8qAxoY&_nc_ht=scontent.fsof8-1.fna&oh=505fb08edefa88e09d7b4e2af4242047&oe=609E0FCD'),
       (2, 'kevin', 1234, 'Kevin', 'Brown', 'kevinbrown@gmail.com', 20,
        'https://media.istockphoto.com/photos/face-of-businessman-against-white-background-picture-id913062404?k=6&m=913062404&s=612x612&w=0&h=nlJJOMI8TXBtZ7QCF8jhiN_4DMCOo9mbCAhFpQFkxso='),
       (3, 'roberto', 1234, 'Roberto', 'Tamburello', 'robroberto@abv.bg', 276,
        'https://images.squarespace-cdn.com/content/v1/5775c65d5016e1d65c1d815a/1525365676248-UEIUHVBG8AM8PTRPC545/ke17ZwdGBToddI8pDm48kEpVg-ILAPna1wRh-xAJ9fRZw-zPPgdn4jUwVcJE1ZvWQUxwkmyExglNqGp0IvTJZUJFbgE-7XRK3dMEBRBhUpwEv36x-EUL2-BSQ5feDhwGCbXuJBFqZ-erYzVouT8yOb9TwqchglLQOCYTRn7ZGxI/Passport-Photography-Man.jpg'),
       (4, 'rob', 1234, 'Rob', 'Walters', 'robwalters@yahoo.com', 13,
        'http://1.bp.blogspot.com/-XPMxuFGeIZ0/USc3HvsneHI/AAAAAAAAAOQ/rhU18EyygEI/s1600/50.jpg'),
       (5, 'thierry', 1234, 'Thierry', 'Hers', 'thierryhers@gmail.com', 87,
        'https://t4.ftcdn.net/jpg/03/10/15/25/360_F_310152511_u0bEaL7purcwxgT4r3IfgIPzRBOErLFc.jpg'),
       (6, 'david', 1234, 'David', 'Bradley', 'davidbrad@gmail.com', 110,
        'https://www.spisanie.to/wp-content/uploads/2014/06/63d6788acfa364724d695afe54efe853-740x555.jpg'),
       (7, 'jolynn', 1234, 'JoLynn', 'Dobney', 'jolynn.dobney@yahoo.com', 2312,
        'https://media.istockphoto.com/photos/attractive-man-dressed-casually-in-studio-isolated-on-white-picture-id462112713?k=6&m=462112713&s=612x612&w=0&h=WE9qPDIKf4z9UMMNTDpHiSMRqALKFvXfFfs9rZT0Lkw='),
       (8, 'ruth', 1234, 'Ruth', 'Ellerbrock', 'ruthellerbrock@abv.bg', 187,
        'https://image.freepik.com/free-photo/photo-as-passport-young-man-with-stylish-haircut_295783-869.jpg'),
       (9, 'gail', 1234, 'Gail', 'Erickson', 'gail.erickson@abv.bg', 1531,
        'https://previews.123rf.com/images/leungchopan/leungchopan1406/leungchopan140600111/28915430-caucasian-man-headshot.jpg'),
       (10, 'todor', 1234, 'Todor', 'Kanev', 'todor_kanchev@yahoo.com', 0,
        'https://datasciencelab.unimi.it/wp-content/uploads/2017/06/user.png');

INSERT INTO `ranks` (`rank_id`, `rank_name`)
VALUES (1, 'Admin'),
       (2, 'Junkie'),
       (3, 'Enthusiast'),
       (4, 'Master'),
       (5, 'Photo Dictator');

INSERT INTO `user_ranks`(`user_id`, `rank_id`)
VALUES (1, 1),
       (2, 2),
       (3, 4),
       (4, 2),
       (5, 3),
       (6, 3),
       (7, 5),
       (8, 4),
       (9, 5),
       (10, 1);

INSERT INTO `category`(`category_id`, `category_name`)
VALUES (1, 'Nature'),
       (2, 'Animals'),
       (3, 'Sports Cars'),
       (4, 'Fashion'),
       (5, 'Street Photography'),
       (6, 'Sport'),
       (7, 'Waterfall'),
       (8, 'Plane'),
       (9, 'Sea'),
       (10, 'Space');

INSERT INTO `contest_phases`(`contest_phases_id`, `phase_name`)
VALUES (1, 'Open'),
       (2, 'Phase 1'),
       (3, 'Phase 2'),
       (4, 'Finished');

INSERT INTO `comments` (`comment_id`, `comment_value`)
VALUES (1, 'Beautiful Photos Of Mountain'),
       (2, 'Amazing green place on our earth'),
       (3, 'Correction. That is hot.'),
       (4, 'Bless the people who did this. So great.'),
       (5,
        'Such kind of footage is not possible in US. Thanks to the Anti-Drone brigade. Almost every interesting location I take my drone, has a no drone policy implemented.'),
       (6, 'I know it’s a small volcano but those people are really close.'),
       (7, 'Small world.'),
       (8, 'Sea what I sea.'),
       (9, 'Dear ocean, feel free to steal the spotlight in my selfies any day.'),
       (10, 'Not only is it amazing, some of my very favorite photos are one’s that I have taken at the ocean.'),
       (11, 'Everyday at the ocean is a good day!'),
       (12, 'I like it, but not enough.'),
       (13, 'Just like the ocean, I can be a little salty.'),
       (14, 'The ocean and I are o-fish-ally best friends forever.'),
       (15, '’m diving to get back to the ocean.'),
       (16, 'The ocean was waving, so I waved back.'),
       (17, 'Take me to the sea'),
       (18, 'Today, I decided to make waves.'),
       (19, 'If I don’t answer, try calling me on my shell phone.'),
       (20, 'All I need is some vitamin sea :)'),
       (21, 'Ocean air. Salty hair'),
       (22, 'As free as the ocean'),
       (23, 'Amazing i will say.'),
       (24, 'Very Beautiful!'),
       (25, 'She is vere pretty.'),
       (26, 'Looks like Scarlett Johansson :)'),
       (27, 'She really looks like Scarlett Johansson'),
       (28, 'You know my assessment, you are amazing.'),
       (29, 'This girl has very beautiful eyes.'),
       (30,
        'Beautiful captures of these magnificent animals. I wish I was able to see them in real life besides at the local zoo.'),
       (31, 'BEAUTIFUL PHOTS LIKE YOU CIERA BROOKS ! I LOVE YOU AND YOUR PHOTOS ? GOD BLESS YOU MY DEAR'),
       (32, 'i love this ?'),
       (33, 'ooo he is so lazy :D'),
       (34, 'I like the picture of the white tiger that is sleeping on the tree.'),
       (35, 'TTigers will always inspire us.'),
       (36, 'He is truly majestic.'),
       (37, 'Muséum national d\'Histoire naturelle, Rue Cuvier, Paris, Fransa'),
       (38, 'worlwide photography of tiger laying o tree'),
       (39, 'Amazing view from cockpit'),
       (40, 'Amazing view from cockpit'),
       (41, 'Look amazing!'),
       (42, 'Where did you find it? :)'),
       (43, 'This is called an engine.'),
       (44, 'It seems abandoned');

INSERT INTO `contest_types`(type_id, type_name)
VALUES (1, 'Open'),
       (2, 'Invitational');

INSERT INTO `reviews` (`review_id`, `user_id`, `comment_id`, `points`)
VALUES (1, 1, 1, 9),
       (2, 10, 2, 8),
       (3, 7, 3, 10),
       (4, 7, 4, 9),
       (5, 9, 5, 8),
       (6, 9, 6, 10),
       (7, 1, 7, 9),
       (8, 1, 8, 8),
       (9, 1, 9, 10),
       (10, 1, 10, 10),
       (11, 1, 11, 1),
       (12, 1, 12, 5),
       (13, 9, 13, 10),
       (14, 9, 14, 9),
       (15, 9, 15, 7),
       (16, 10, 16, 10),
       (17, 10, 17, 8),
       (18, 10, 18, 8),
       (19, 10, 19, 10),
       (20, 7, 20, 10),
       (21, 7, 21, 9),
       (22, 7, 22, 6),
       (23, 1, 23, 8),
       (24, 1, 24, 10),
       (25, 1, 25, 10),
       (26, 1, 26, 9),
       (27, 10, 27, 10),
       (28, 10, 28, 10),
       (29, 10, 29, 9),
       (30, 7, 30, 10),
       (31, 7, 31, 10),
       (32, 7, 32, 8),
       (33, 7, 33, 6),
       (34, 9, 34, 10),
       (35, 9, 35, 7),
       (36, 9, 36, 10),
       (37, 9, 37, 9),
       (38, 1, 38, 10),
       (39, 1, 39, 6),
       (40, 1, 40, 6),
       (41, 1, 41, 8),
       (42, 1, 42, 10),
       (43, 7, 43, 8),
       (44, 7, 44, 10);

INSERT INTO `images` (`img_id`, `title`, `story`, `img_url`, `winner_place`)
VALUES (1, 'Nature', 'Erupting volcano', 'https://www.focusjunior.it/content/uploads/2016/03/vulcano.jpg', 0),
       (2, 'Bear', 'Bear looks bad',
        'https://media.gettyimages.com/photos/bear-walks-into-a-bar-picture-id591192853?s=2048x2048', 0),
       (3, 'Mclaren', 'Greatest sport car',
        'https://www.thecollectorscircle.com/wp-content/uploads/2020/05/McLaren-P1-Chassis-001-1.jpg', 0),
       (4, 'Fashion Lady', 'I feel soo good',
        'https://s2.best-wallpaper.net/wallpaper/2880x1800/1801/Smile-fashion-girl-curly-hair-makeup_2880x1800.jpg', 0),
       (5, 'Street', 'The colors of night',
        'https://robmosesphotography.files.wordpress.com/2018/03/puerto-vallarta-mexico-night-street-church-rob-moses-photography-native-american-tlingit-portland-seattle-vancouver-calgary-spokane-top-famous-celebrity-best-yyc-yvr-pdx.jpg',
        0),
       (6, 'Mountain Bike', 'Nothing can stop me',
        'https://www.mensjournal.com/wp-content/uploads/2019/05/MTB.jpg?w=900&quality=86&strip=all&iswp=1', 0),
       (7, 'Waterfall', 'Amazing waterfall in the forest',
        'https://www.wellandgood.com/wp-content/uploads/2016/06/Stocksy-Waterfall-Alexander-Grabchilev-1.jpg', 0),
       (8, 'Plane', 'Amazing jet plane', 'https://i.pinimg.com/originals/48/c9/5e/48c95ee2d7f63749bc7656904454a0c0.jpg',
        0),
       (9, 'Sea', 'A manta ray swims above a coral reef near Komodo, Indonesia.',
        'https://eco-business.imgix.net/uploads/ebmedia/fileuploads/shutterstock_223243231.jpg?fit=crop&h=960&ixlib=django-1.2.0&w=1440',
        0),
       (10, 'Space', 'Say hallo from space',
        'https://www.themandarin.com.au/wp-content/uploads/2020/07/space-astronaut.jpg', 0),
       (11, 'Mountain', 'Say hallo from mountain',
        'https://images.unsplash.com/photo-1454496522488-7a8e488e8606?ixlib=rb-1.2.1&ixid=MXwxMjA3fDB8MHxleHBsb3JlLWZlZWR8Mnx8fGVufDB8fHw%3D&w=1000&q=80',
        0),
       (12, 'Mountain Green', 'Say hallo from green place',
        'https://www.freewalldownload.com/natural-mountain-wallpaper/long-view-beautiful-mountain-hd-wallpaper-desktop-view.jpg',
        0),
       (13, 'Guatemala Landscape Volcano', 'Nature eruption',
        'https://c4.wallpaperflare.com/wallpaper/163/918/502/guatemala-landscape-volcano-nature-eruption-hd-wallpaper-preview.jpg',
        1),
       (14, 'Sinabung Night', 'Sinabung eruption with beautiful look!',
        'https://hdwallpaperim.com/wp-content/uploads/2017/08/23/457894-volcano-eruptions-nature-748x499.jpg', 2),
       (15, 'Kilauea volcano',
        'Kilauea is an active volcano in Hawaii. It is located at the source of the slope of the volcano Mauna Loa. It is 1247 m high.',
        'https://images.unsplash.com/photo-1475776408506-9a5371e7a068?ixlib=rb-1.2.1&ixid=MnwxMjA3fDB8MHxleHBsb3JlLWZlZWR8Mnx8fGVufDB8fHx8&w=1000&q=80',
        3),
       (16, 'Volcano image', 'Blood-orange ocean sunset.',
        'https://images.unsplash.com/photo-1582721478779-0ae163c05a60?ixlib=rb-1.2.1&ixid=MXwxMjA3fDB8MHxwaG90by1wYWdlfHx8fGVufDB8fHw%3D&auto=format&fit=crop&w=1000&q=80',
        1),
       (17, 'Walking on the Moon', 'Tongariro National Park, New Zealand',
        'https://images.unsplash.com/photo-1536744052983-bcf122437f48?ixid=MnwxMjA3fDB8MHxwaG90by1wYWdlfHx8fGVufDB8fHx8&ixlib=rb-1.2.1&auto=format&fit=crop&w=1900&q=80',
        2),
       (18, 'Sea wonders', 'Sea wonders',
        'https://wallpaperscave.com/images/original/18/04-05/earth-ocean-37505.jpg',
        0),
       (19, 'Aerial view', 'Aerial view of the Great Barrier Reef Courtesy of Business Insider.',
        'https://i.pinimg.com/originals/23/18/d6/2318d66d180f1c662c51a12999978bca.webp', 0),
       (20, 'Ocean Photography',
        'High Definition Picture For your SmartPhone #Smartphone #HDPictures #IPhone #Samsung #Background #Wallpaper #Ocean #Sea #fish',
        'https://www.aramcoexpats.com/media/3750/ar_the-wonders-of-the-red-sea_01.jpg', 0),
       (21, 'The wonders of the red sea',
        'Just a few of the many colorful fish found in the Red Sea’s waters include the Multi-Colored Parrot Fish, the Rainbow Fish, the Queen Trigger Fish, the Red Sea Clown Fish, the Klunziner’s Wrasse, the Bluespotted Stingray, and the Coral Grouper.',
        'https://imgsrv2.aramcoexpats.com/lifestyles/special_interest/ar_The-Wonders-of-the-Red-Sea_02.jpg', 3),
       (22, 'Deep Beneath the Dead Sea',
        'The fact that the Dead Sea shrank so dramatically in the past, Kiro and her colleagues say, suggests that it could dry up again.',
        'https://magazine.columbia.edu/sites/default/files/styles/full_width_card/public/2018-09/Expl_DeadSea.jpg?itok=Gxyvmojw',
        2),
       (23, 'Aerial view', 'An amazing view from aerial',
        'https://greennewz.files.wordpress.com/2015/06/aerial-view-of-gbr-business-insider.gif', 1),
       (24, 'Fashion with smile', 'Fashion with smile',
        'https://s2.best-wallpaper.net/wallpaper/2880x1800/1801/Smile-fashion-girl-curly-hair-makeup_2880x1800.jpg', 0),
       (25, 'Amazing eyes.', 'I like this photo. They are amazing.',
        'https://www.thoughtco.com/thmb/vZqJcdqc0uZAzIlctqbiA787jqM=/3864x2173/smart/filters:no_upscale()/beautiful-woman-with-natural-make-up-897056188-5c2d3aff4cedfd000165bdef.jpg',
        1),
       (26, 'This look', 'I would say it looks great in this photo. This is my friend.',
        'https://wl-brightside.cf.tsp.li/resize/1200x630/jpg/3d4/fb1/32ad5253c9a3df5638f007a5f5.jpg', 2),
       (27, 'Pretty today', 'She looks really happy today.',
        'https://images.toofab.com/image/d3/4by3/2021/03/26/d3e27faaf96344c0bde5542b11805086_md.jpg', 3),
       (28, 'Woman scaled', 'I have nothing to add as a story, this is my girlfriend.',
        'https://www.kineosystem.com/wp-content/uploads/2017/05/woman-scaled.jpg', 2),
       (29, 'A Tiger\'s View', 'A Tiger\'s View',
        'https://www.pxwall.com/wp-content/uploads/2018/04/White%20Tiger%20HD%204K40082721.jpg', 0),
       (30, 'Amazing tiger.', 'The story is one for him.',
        'https://i.pinimg.com/originals/76/bb/a1/76bba1f6547cdd0fc38ff26b1abcee8b.jpg', 1),
       (31, 'In his home.', 'The story of one tiger.',
        'https://cdn.hipwallpaper.com/i/83/25/RKwyeI.jpg',
        3),
       (32, 'Powerfull', 'He is very strong.',
        'http://4.bp.blogspot.com/-b2nqkePE2tA/TkdkGOfbOtI/AAAAAAAADBI/__4Iav-buZc/s1600/tiger+wallpaper.jpg', 3),
       (33, 'The king.', 'He is the king, not lion or bear.',
        'https://i1.wp.com/wallur.com/wp-content/uploads/2016/12/tiger-background-7.jpg?resize=1920%2C1080', 2),
       (34, 'Air bird', 'Air bird',
        'https://images.unsplash.com/photo-1559023234-1e773470544f?ixid=MnwxMjA3fDB8MHxwaG90by1wYWdlfHx8fGVufDB8fHx8&ixlib=rb-1.2.1&auto=format&fit=crop&w=1051&q=80',
        0),
       (35, 'White and gray plane', 'View is amazing.',
        'https://images.unsplash.com/photo-1471907011145-66713aa5749a?ixlib=rb-1.2.1&ixid=MnwxMjA3fDB8MHxwaG90by1wYWdlfHx8fGVufDB8fHx8&auto=format&fit=crop&w=1050&q=80',
        1),
       (36, 'Window view of airplane', 'Look that view gays.',
        'https://images.unsplash.com/photo-1518433648344-d6380d226a72?ixid=MnwxMjA3fDB8MHxwaG90by1wYWdlfHx8fGVufDB8fHx8&ixlib=rb-1.2.1&auto=format&fit=crop&w=967&q=80',
        1),
       (37, 'Window plane wing photography', 'A view from window of plane.',
        'https://images.unsplash.com/photo-1436491865332-7a61a109cc05?ixid=MnwxMjA3fDB8MHxwaG90by1wYWdlfHx8fGVufDB8fHx8&ixlib=rb-1.2.1&auto=format&fit=crop&w=1053&q=80',
        3),
       (38, 'Amazing', 'amazing',
        'https://images.unsplash.com/photo-1520437358207-323b43b50729?ixlib=rb-1.2.1&ixid=MnwxMjA3fDB8MHxwaG90by1wYWdlfHx8fGVufDB8fHx8&auto=format&fit=crop&w=1050&q=80',
        2);

INSERT INTO `contests`(contest_id, title, contest_phase_id, start_date, finish_date, from_hour, to_hour, category_id,
                       type_id, `cover_photo`, `assessed`)
VALUES (1, 'Fashion with smile', 4, '2021-04-16 00:00:00', '2021-04-16 00:00:00', '2021-04-16 17:44:00',
        '2021-04-16 17:50:00', 4, 1, 24, 0),
       (2, 'Catch the night street', 2, '2021-04-12', '2021-04-27', '2021-04-27 04:30:00', '2021-04-27 20:45:00', 5, 1,
        5, 0),
       (3, 'Volcano', 3, '2021-02-02', '2021-03-13', '2021-02-02', '2021-03-13', 1, 1, 1, 0),
       (4, 'Astronauts', 2, '2021-04-16', '2021-04-21', '2021-04-21 08:30:00', '2021-04-21 17:30:00', 10, 1, 10, 0),
       (5, 'Sea wonders', 4, '2021-04-16 00:00:00', '2021-04-16 00:00:00', '2021-04-16 15:44:00', '2021-04-16 15:56:00',
        9, 1, 18, 0),
       (7, 'Air bird', 4, '2021-04-16 00:00:00', '2021-04-16 00:00:00', '2021-04-16 18:40:00', '2021-04-16 18:47:00', 8,
        1, 34, 0),
       (9, 'Mountain Bike', 2, '2021-04-15', '2021-04-23', '2021-04-23 06:30:00', '2021-04-23 22:30:00', 6, 1, 6, 0),
       (10, 'Secret Waterfall', 2, '2021-04-12', '2021-04-22', '2021-04-22 11:34:00', '2021-04-22 11:38:00', 7, 1, 7,
        0),
       (11, 'A Tiger\'s View', 4, '2021-04-16 00:00:00', '2021-04-16 00:00:00', '2021-04-16 17:55:00',
        '2021-04-16 18:03:00', 2, 1, 29, 0);

INSERT INTO `users_images` (`user_id`, `image_id`)
VALUES (1, 7),
       (1, 2),
       (1, 6),
       (1, 10),
       (1, 5),
       (1, 3),
       (1, 4),
       (1, 8),
       (1, 9),
       (10, 1),
       (3, 11),
       (4, 12),
       (2, 13),
       (3, 14),
       (4, 15),
       (5, 16),
       (6, 17),
       (6, 19),
       (2, 20),
       (4, 21),
       (8, 22),
       (3, 23),
       (6, 25),
       (8, 26),
       (3, 27),
       (2, 28),
       (6, 30),
       (8, 31),
       (4, 32),
       (2, 33),
       (8, 35),
       (2, 36),
       (4, 37),
       (6, 38);

INSERT INTO `images_reviews` (`image_id`, `review_id`)
VALUES (11, 1),
       (12, 2),
       (13, 3),
       (14, 4),
       (15, 5),
       (16, 6),
       (17, 7),
       (21, 8),
       (23, 9),
       (22, 10),
       (20, 11),
       (19, 12),
       (23, 13),
       (20, 14),
       (22, 15),
       (20, 16),
       (21, 17),
       (19, 18),
       (23, 19),
       (23, 20),
       (22, 21),
       (21, 22),
       (27, 23),
       (25, 24),
       (28, 25),
       (26, 26),
       (26, 27),
       (25, 28),
       (28, 29),
       (33, 30),
       (30, 31),
       (32, 32),
       (31, 33),
       (30, 34),
       (32, 35),
       (33, 36),
       (31, 37),
       (30, 38),
       (36, 39),
       (36, 40),
       (38, 41),
       (35, 42),
       (36, 43),
       (35, 44);

INSERT INTO `images_contest` (`img_id`, `contest_id`)
VALUES (11, 4),
       (12, 4),
       (13, 3),
       (14, 3),
       (15, 3),
       (16, 3),
       (17, 3),
       (19, 5),
       (20, 5),
       (21, 5),
       (22, 5),
       (23, 5),
       (25, 1),
       (26, 1),
       (27, 1),
       (28, 1),
       (30, 11),
       (31, 11),
       (32, 11),
       (33, 11),
       (35, 7),
       (36, 7),
       (37, 7),
       (38, 7);

INSERT INTO `contest_jury` (`contest_id`, `user_id`)
VALUES (3, 7),
       (3, 9),
       (3, 1),
       (3, 10),
       (4, 1),
       (4, 9),
       (4, 10),
       (5, 9),
       (5, 1),
       (5, 10),
       (5, 7),
       (1, 10),
       (1, 9),
       (1, 1),
       (11, 10),
       (11, 9),
       (11, 7),
       (11, 1),
       (7, 10),
       (7, 7),
       (7, 1),
       (2, 7),
       (2, 9),
       (4, 10),
       (9, 10),
       (4, 1),
       (10, 1),
       (10, 7);

INSERT INTO `contest_users` (`user_id`, `contest_id`)
VALUES (6, 1),
       (8, 1),
       (3, 1),
       (2, 1),
       (2, 4),
       (3, 3),
       (4, 2),
       (8, 7),
       (9, 9),
       (2, 3),
       (4, 3),
       (5, 3),
       (6, 3),
       (6, 5),
       (2, 5),
       (4, 5),
       (8, 5),
       (3, 5),
       (6, 11),
       (8, 11),
       (4, 11),
       (2, 11),
       (8, 7),
       (2, 7),
       (4, 7),
       (6, 7);


